:START_ID(Student),:END_ID(Course),:TYPE
QE42723,CSAA 100,ENROLLED_IN
QE42723,CSUU 100,ENROLLED_IN
IM31063,BKKK 200,ENROLLED_IN
IM31063,CSOO 300,ENROLLED_IN
BB11413,BAAA 200,ENROLLED_IN
BB11413,CSUU 100,ENROLLED_IN
BB11413,CSRR 100,ENROLLED_IN
FH22315,BXXX 300,ENROLLED_IN
FH22315,BBBB 200,ENROLLED_IN
OX78212,BUUU 100,ENROLLED_IN
OX78212,CSMM 100-1,ENROLLED_IN
OX78212,CSEE 200,ENROLLED_IN
OX78212,CSDD 100,ENROLLED_IN
OX78212,CSJJ 100,ENROLLED_IN
KI81346,CSNN 100,ENROLLED_IN
KI81346,CSUU 100,ENROLLED_IN
KI81346,BPPP 100,ENROLLED_IN
KI81346,CSMM 100,ENROLLED_IN
KI81346,CSPP 200-1,ENROLLED_IN
TH40303,CSUU 100,ENROLLED_IN
TH40303,BJJJ 200-2,ENROLLED_IN
TH40303,BKKK 200,ENROLLED_IN
RG81143,CSMM 300,ENROLLED_IN
RG81143,CSOO 300,ENROLLED_IN
NG59236,BBBB 200,ENROLLED_IN
PE14938,BLLL 100,ENROLLED_IN
PE14938,CSLL 100,ENROLLED_IN
XW99547,BJJJ 100,ENROLLED_IN
XW99547,BTTT 200,ENROLLED_IN
VT93298,CSDD 200,ENROLLED_IN
VT93298,BPPP 300,ENROLLED_IN
RE24547,CSOO 200,ENROLLED_IN
RE24547,BAAA 100,ENROLLED_IN
GT00568,CSUU 100-3,ENROLLED_IN
WK81661,CSPP 100,ENROLLED_IN
WK81661,BLLL 100,ENROLLED_IN
WK81661,CSYY 200-9,ENROLLED_IN
WK81661,BAAA 100,ENROLLED_IN
OR04317,CSPP 100,ENROLLED_IN
OR04317,BBBB 200,ENROLLED_IN
OR04317,CSNN 100,ENROLLED_IN
QE59126,BWWW 200,ENROLLED_IN
WT20573,CSMM 100-8,ENROLLED_IN
WT20573,BAAA 200,ENROLLED_IN
SL83449,CSYY 400-7,ENROLLED_IN
SL83449,CSMM 100,ENROLLED_IN
SL83449,CSUU 100,ENROLLED_IN
SL83449,CSMM 100-1,ENROLLED_IN
SL83449,CSNN 300,ENROLLED_IN
DF31095,BJJJ 100,ENROLLED_IN
TD34201,BKKK 200,ENROLLED_IN
TD34201,CSDD 200,ENROLLED_IN
MO56628,CSLL 100,ENROLLED_IN
AU01183,CSMM 100,ENROLLED_IN
AU01183,BIII 100,ENROLLED_IN
JK03015,CSUU 100,ENROLLED_IN
JK03015,BTTT 200,ENROLLED_IN
QM98949,BUUU 100,ENROLLED_IN
VD91948,BPPP 300,ENROLLED_IN
QL51743,CSDD 200,ENROLLED_IN
QL51743,CSUU 100,ENROLLED_IN
KP13786,CSMM 100-1,ENROLLED_IN
KP13786,CSDD 100,ENROLLED_IN
CO71438,CSQQ 200,ENROLLED_IN
CO71438,BBBB 200,ENROLLED_IN
PW67541,BUUU 100,ENROLLED_IN
PW67541,CSDD 100,ENROLLED_IN
PW67541,CSII 200-7,ENROLLED_IN
PW67541,CSRR 100,ENROLLED_IN
YO91750,CSLL 100,ENROLLED_IN
BU30827,CSFF 200,ENROLLED_IN
BU30827,CSJJ 100,ENROLLED_IN
BU30827,CSDD 100,ENROLLED_IN
BU30827,CSKK 100,ENROLLED_IN
EB55549,CSQQ 200,ENROLLED_IN
EB55549,CSSS 300,ENROLLED_IN
LP91068,BAAA 200,ENROLLED_IN
RU46405,CSQQ 200,ENROLLED_IN
AI35006,BAAA 200-8,ENROLLED_IN
AI35006,BWWW 200,ENROLLED_IN
IZ22658,CSEE 200,ENROLLED_IN
IZ22658,CSDD 200,ENROLLED_IN
IZ22658,BAAA 200,ENROLLED_IN
JG88622,BPPP 100,ENROLLED_IN
JG88622,CSTT 300-2,ENROLLED_IN
HJ53598,BUUU 100,ENROLLED_IN
HJ53598,CSOO 200,ENROLLED_IN
HJ53598,CSUU 100,ENROLLED_IN
DF83939,CSPP 200-1,ENROLLED_IN
DF83939,CSDD 200,ENROLLED_IN
OM35998,BBBB 200,ENROLLED_IN
OM35998,CSYY 400-7,ENROLLED_IN
OM35998,CSPP 200-1,ENROLLED_IN
OM35998,BKKK 200,ENROLLED_IN
HW56814,CSMM 100,ENROLLED_IN
HW56814,CSSS 300,ENROLLED_IN
HW56814,BAAA 200-8,ENROLLED_IN
HW56814,BKKK 200,ENROLLED_IN
GI17239,BUUU 100,ENROLLED_IN
PD87945,BAAA 200,ENROLLED_IN
PD87945,BUUU 100,ENROLLED_IN
WR15472,BAAA 200-8,ENROLLED_IN
WR15472,BPPP 100,ENROLLED_IN
ZY58591,CSOO 200,ENROLLED_IN
ZY58591,CSMM 100,ENROLLED_IN
ZY58591,CSDD 100,ENROLLED_IN
BN03816,CSMM 300,ENROLLED_IN
BN03816,CSMM 100,ENROLLED_IN
MI02580,BVVV 300-8,ENROLLED_IN
MI02580,BIII 100,ENROLLED_IN
SQ18760,CSAA 100,ENROLLED_IN
YO61017,CSLL 100-1,ENROLLED_IN
LE95645,CSPP 200-1,ENROLLED_IN
AF43303,CSLL 100-1,ENROLLED_IN
AF43303,CSSS 300,ENROLLED_IN
AF43303,CSUU 100,ENROLLED_IN
GY62557,CSUU 100-3,ENROLLED_IN
GY62557,CSYY 200-9,ENROLLED_IN
ZK91067,CSLL 100-1,ENROLLED_IN
DW75169,CSKK 100,ENROLLED_IN
KR50357,CSII 200-7,ENROLLED_IN
KR50357,CSMM 100,ENROLLED_IN
KR50357,CSHH 100,ENROLLED_IN
WG08334,CSLL 100,ENROLLED_IN
WG08334,CSOO 200,ENROLLED_IN
WG08334,CSAA 100,ENROLLED_IN
QY69721,BIII 100,ENROLLED_IN
QY69721,CSOO 200,ENROLLED_IN
QY69721,CSLL 100,ENROLLED_IN
QY69721,BUUU 100,ENROLLED_IN
QY69721,CSFF 200,ENROLLED_IN
NR86667,CSLL 100,ENROLLED_IN
NR86667,CSKK 100,ENROLLED_IN
NU12661,CSEE 200,ENROLLED_IN
NU12661,CSYY 200-9,ENROLLED_IN
NU12661,CSUU 100,ENROLLED_IN
NU12661,BAAA 200,ENROLLED_IN
NU12661,BUUU 100,ENROLLED_IN
QV19697,CSRR 100,ENROLLED_IN
NY39540,BXXX 100,ENROLLED_IN
CB74600,BPPP 100,ENROLLED_IN
CB74600,BVVV 300-8,ENROLLED_IN
CB74600,CSTT 300-2,ENROLLED_IN
BW43378,CSMM 100,ENROLLED_IN
BW43378,CSUU 100-3,ENROLLED_IN
BW43378,CSLL 100-1,ENROLLED_IN
LF50131,CSMM 100-1,ENROLLED_IN
MJ14705,BJJJ 100,ENROLLED_IN
CC96632,BBBB 200,ENROLLED_IN
BZ85976,CSKK 300,ENROLLED_IN
BZ85976,BLLL 100,ENROLLED_IN
BZ85976,CSNN 100,ENROLLED_IN
BZ85976,CSDD 100,ENROLLED_IN
QO93785,BUUU 100,ENROLLED_IN
QO93785,CSFF 200,ENROLLED_IN
QO93785,CSPP 200-1,ENROLLED_IN
XB34968,CSUU 100,ENROLLED_IN
WE24392,BVVV 200,ENROLLED_IN
WE24392,CSRR 100,ENROLLED_IN
YD68656,BUUU 100,ENROLLED_IN
WF94058,BAAA 200,ENROLLED_IN
WF94058,CSQQ 200,ENROLLED_IN
XC73672,CSUU 100-3,ENROLLED_IN
XC73672,CSAA 100,ENROLLED_IN
XC73672,CSFF 200,ENROLLED_IN
GD89802,CSOO 200,ENROLLED_IN
GD89802,BPPP 300,ENROLLED_IN
UM15124,CSMM 100-1,ENROLLED_IN
UM15124,CSRR 100,ENROLLED_IN
GJ37570,CSMM 100-8,ENROLLED_IN
GJ37570,CSAA 100,ENROLLED_IN
EC50401,CSDD 100,ENROLLED_IN
EC50401,BAAA 200-8,ENROLLED_IN
EC50401,CSRR 100,ENROLLED_IN
ZR64164,BVVV 200,ENROLLED_IN
ZR64164,CSKK 100,ENROLLED_IN
NE95814,CSMM 100-8,ENROLLED_IN
NE95814,CSNN 100,ENROLLED_IN
HD71576,BBBB 200,ENROLLED_IN
HD71576,CSOO 200,ENROLLED_IN
MU89676,BZZZ 300,ENROLLED_IN
MU89676,CSRR 100,ENROLLED_IN
JP85001,BJJJ 100,ENROLLED_IN
JP85001,CSPP 300,ENROLLED_IN
KJ55945,BCCC 200,ENROLLED_IN
TT27164,CSDD 100,ENROLLED_IN
MP42020,CSDD 100,ENROLLED_IN
MP42020,CSMM 100,ENROLLED_IN
MP42020,CSKK 100,ENROLLED_IN
FO93396,CSUU 100,ENROLLED_IN
GR00304,BAAA 100,ENROLLED_IN
GR00304,CSMM 100-8,ENROLLED_IN
GS76889,CSOO 200,ENROLLED_IN
MS20273,CSHH 100,ENROLLED_IN
MS20273,BXXX 100,ENROLLED_IN
MS20273,CSAA 100,ENROLLED_IN
NH78010,CSMM 100,ENROLLED_IN
YS45948,CSMM 100-1,ENROLLED_IN
YS45948,BAAA 100,ENROLLED_IN
GT63710,CSLL 100,ENROLLED_IN
GT63710,CSAA 100,ENROLLED_IN
GT63710,CSFF 200,ENROLLED_IN
LT20311,CSOO 200,ENROLLED_IN
LT20311,CSLL 100,ENROLLED_IN
LT20311,CSFF 200,ENROLLED_IN
LT20311,CSPP 100,ENROLLED_IN
OQ61769,CSFF 200,ENROLLED_IN
OQ61769,CSLL 100-1,ENROLLED_IN
OQ61769,CSMM 100-1,ENROLLED_IN
DJ98899,BAAA 200,ENROLLED_IN
DJ98899,CSOO 200,ENROLLED_IN
DJ98899,CSKK 300,ENROLLED_IN
DJ98899,CSLL 100,ENROLLED_IN
NP31846,BAAA 200-8,ENROLLED_IN
NP31846,BPPP 300,ENROLLED_IN
NP31846,CSDD 100,ENROLLED_IN
PD76679,BXXX 100,ENROLLED_IN
PD76679,CSSS 300,ENROLLED_IN
VW35864,BPPP 100,ENROLLED_IN
VW35864,BXXX 100,ENROLLED_IN
PL59891,BUUU 100,ENROLLED_IN
PL59891,CSRR 100,ENROLLED_IN
XN54429,CSDD 200,ENROLLED_IN
XN54429,CSUU 100-3,ENROLLED_IN
IW87109,BAAA 200-8,ENROLLED_IN
IW87109,BWWW 200,ENROLLED_IN
IW87109,CSPP 300,ENROLLED_IN
HL40392,CSNN 100,ENROLLED_IN
HL40392,BZZZ 200,ENROLLED_IN
ZM92876,BUUU 100,ENROLLED_IN
ZM92876,CSYY 200-9,ENROLLED_IN
JU25606,CSDD 100,ENROLLED_IN
JU25606,CSNN 100,ENROLLED_IN
JU25606,CSOO 200,ENROLLED_IN
JU25606,BAAA 100,ENROLLED_IN
GT63198,CSDD 200,ENROLLED_IN
HR56240,CSMM 100-8,ENROLLED_IN
HR56240,CSTT 300-2,ENROLLED_IN
HR56240,CSII 200-7,ENROLLED_IN
WV15382,CSFF 300,ENROLLED_IN
NC76204,BUUU 100,ENROLLED_IN
NC76204,BAAA 200,ENROLLED_IN
NC76204,BAAA 200-8,ENROLLED_IN
NS37322,CSSS 300,ENROLLED_IN
NS37322,BUUU 100,ENROLLED_IN
NS37322,CSUU 100-3,ENROLLED_IN
NS37322,CSLL 100-1,ENROLLED_IN
VM21221,CSAA 100,ENROLLED_IN
EN95314,CSUU 100,ENROLLED_IN
EN95314,CSPP 200-1,ENROLLED_IN
LF20615,CSHH 100,ENROLLED_IN
PG50522,CSEE 200,ENROLLED_IN
PG50522,BAAA 100,ENROLLED_IN
LK08980,CSMM 100-8,ENROLLED_IN
LK08980,BIII 100,ENROLLED_IN
OA40287,BLLL 100,ENROLLED_IN
IK85363,CSMM 100,ENROLLED_IN
OL00858,CSQQ 200,ENROLLED_IN
OL00858,CSYY 400-7,ENROLLED_IN
OL00858,BWWW 200,ENROLLED_IN
OL00858,BPPP 100,ENROLLED_IN
OL00858,BXXX 100,ENROLLED_IN
MH22059,CSUU 100,ENROLLED_IN
UY04824,CSMM 100-8,ENROLLED_IN
UY04824,CSRR 100,ENROLLED_IN
CX23748,BVVV 200,ENROLLED_IN
CX23748,CSNN 100,ENROLLED_IN
CX23748,CSFF 200,ENROLLED_IN
CX23748,CSMM 100-1,ENROLLED_IN
RR13635,BLLL 100,ENROLLED_IN
RR13635,BAAA 100,ENROLLED_IN
RR13635,CSMM 300,ENROLLED_IN
WX68967,CSYY 200-9,ENROLLED_IN
WX68967,CSUU 100,ENROLLED_IN
XO58391,CSHH 100,ENROLLED_IN
HS60633,CSLL 100-1,ENROLLED_IN
CR24529,CSJJ 100,ENROLLED_IN
CR24529,CSLL 100,ENROLLED_IN
LO40190,CSUU 100-3,ENROLLED_IN
LO40190,CSKK 300,ENROLLED_IN
ZX20876,BVVV 300-8,ENROLLED_IN
HK52494,BTTT 200,ENROLLED_IN
HK52494,CSOO 300,ENROLLED_IN
HD00504,CSLL 100,ENROLLED_IN
DA42454,BPPP 100,ENROLLED_IN
DA42454,BIII 100,ENROLLED_IN
GH64035,BIII 100,ENROLLED_IN
GH64035,CSHH 100,ENROLLED_IN
GH64035,CSNN 100,ENROLLED_IN
GH64035,BXXX 100,ENROLLED_IN
OS37523,CSPP 200-1,ENROLLED_IN
OS37523,CSPP 100,ENROLLED_IN
OS37523,BXXX 100,ENROLLED_IN
OS37523,CSPP 300,ENROLLED_IN
ZK40169,CSJJ 100,ENROLLED_IN
UE93284,CSPP 100,ENROLLED_IN
UE93284,CSEE 200,ENROLLED_IN
AY55895,CSLL 100,ENROLLED_IN
AY55895,CSKK 100,ENROLLED_IN
GT89036,BLLL 100,ENROLLED_IN
GT89036,CSYY 200-9,ENROLLED_IN
PF51983,CSUU 100,ENROLLED_IN
PF51983,CSLL 100,ENROLLED_IN
MZ74319,CSKK 100,ENROLLED_IN
MZ74319,CSOO 200,ENROLLED_IN
MZ74319,CSMM 100-8,ENROLLED_IN
MZ74319,BLLL 100,ENROLLED_IN
ND87350,BJJJ 100,ENROLLED_IN
ND87350,BLLL 100,ENROLLED_IN
MF94286,CSYY 200-9,ENROLLED_IN
MF94286,CSTT 300-2,ENROLLED_IN
MF94286,CSMM 100-1,ENROLLED_IN
MF94286,BUUU 100,ENROLLED_IN
MF94286,CSMM 100,ENROLLED_IN
UW36881,BKKK 200,ENROLLED_IN
UW36881,BBBB 200,ENROLLED_IN
UL58104,CSMM 300,ENROLLED_IN
UL58104,BKKK 100,ENROLLED_IN
BH89494,BIII 100,ENROLLED_IN
BH89494,CSYY 200-9,ENROLLED_IN
EM11165,BPPP 100,ENROLLED_IN
AF67906,CSDD 100,ENROLLED_IN
KI21431,CSUU 100,ENROLLED_IN
KI21431,CSMM 100-8,ENROLLED_IN
MW95226,CSPP 100,ENROLLED_IN
MW95226,CSRR 300,ENROLLED_IN
MW95226,CSFF 300,ENROLLED_IN
AH07508,CSMM 100-1,ENROLLED_IN
AH07508,CSDD 100,ENROLLED_IN
IF63927,CSYY 200-9,ENROLLED_IN
IF63927,CSKK 100,ENROLLED_IN
IF63927,CSNN 100,ENROLLED_IN
OL57622,CSHH 100,ENROLLED_IN
OL57622,CSMM 100-1,ENROLLED_IN
OL57622,BZZZ 300,ENROLLED_IN
YU76279,BIII 100,ENROLLED_IN
ZC55706,CSSS 300,ENROLLED_IN
HY20984,CSPP 100,ENROLLED_IN
KD09513,CSDD 100,ENROLLED_IN
UB54905,CSHH 100,ENROLLED_IN
UB54905,CSFF 200,ENROLLED_IN
GQ61731,CSFF 200,ENROLLED_IN
DM78893,CSRR 400,ENROLLED_IN
DM78893,CSRR 100,ENROLLED_IN
RY22160,BAAA 100,ENROLLED_IN
RY22160,CSFF 200,ENROLLED_IN
RY22160,CSJJ 100,ENROLLED_IN
RY22160,CSAA 100,ENROLLED_IN
YA56402,CSDD 100,ENROLLED_IN
PZ05699,CSDD 100,ENROLLED_IN
VB51674,CSDD 200,ENROLLED_IN
VB51674,BAAA 100,ENROLLED_IN
TB90693,CSMM 100-8,ENROLLED_IN
TB90693,CSOO 200,ENROLLED_IN
NM04751,CSMM 100-1,ENROLLED_IN
NM04751,BWWW 200,ENROLLED_IN
BM55272,CSAA 100,ENROLLED_IN
BM55272,CSEE 200,ENROLLED_IN
ZK84285,CSSS 300,ENROLLED_IN
ZK84285,CSLL 100,ENROLLED_IN
ZK84285,CSKK 100,ENROLLED_IN
GY73347,CSPP 200,ENROLLED_IN
GY73347,BIII 100,ENROLLED_IN
MC90815,BAAA 100,ENROLLED_IN
YF98926,CSJJ 100,ENROLLED_IN
YF98926,BXXX 100,ENROLLED_IN
YF98926,CSPP 100,ENROLLED_IN
HC32578,CSPP 100,ENROLLED_IN
HC32578,CSUU 100-3,ENROLLED_IN
HC32578,CSDD 200,ENROLLED_IN
HC32578,CSFF 200,ENROLLED_IN
QR08871,CSJJ 100,ENROLLED_IN
QR08871,BVVV 200,ENROLLED_IN
QR08871,BXXX 100,ENROLLED_IN
CG37090,CSRR 100,ENROLLED_IN
AQ89621,BPPP 100,ENROLLED_IN
OK66787,CSAA 100,ENROLLED_IN
OK66787,CSKK 100,ENROLLED_IN
OK66787,CSMM 100-1,ENROLLED_IN
EO86277,BIII 100,ENROLLED_IN
WM12931,CSPP 200-1,ENROLLED_IN
EQ56602,CSOO 200,ENROLLED_IN
CY90181,CSYY 200-9,ENROLLED_IN
IU19079,CSAA 100,ENROLLED_IN
EJ88212,CSKK 100,ENROLLED_IN
EJ88212,BJJJ 100,ENROLLED_IN
EJ88212,BLLL 100,ENROLLED_IN
YB64380,CSMM 100-8,ENROLLED_IN
YB64380,CSYY 200-9,ENROLLED_IN
YB64380,BTTT 200,ENROLLED_IN
MB29472,CSNN 100,ENROLLED_IN
MB29472,CSJJ 100,ENROLLED_IN
UI78633,BWWW 200,ENROLLED_IN
GA80127,CSJJ 200,ENROLLED_IN
GA80127,CSPP 200,ENROLLED_IN
GA80127,CSRR 300,ENROLLED_IN
DZ94339,BPPP 100,ENROLLED_IN
DZ94339,BJJJ 100,ENROLLED_IN
OD67191,BAAA 200,ENROLLED_IN
PR34363,CSPP 200-1,ENROLLED_IN
PR34363,BJJJ 100,ENROLLED_IN
PR34363,CSRR 300,ENROLLED_IN
PR34363,BVVV 200,ENROLLED_IN
PR34363,CSNN 100,ENROLLED_IN
YE66905,BAAA 200-8,ENROLLED_IN
WN46202,CSHH 100,ENROLLED_IN
WN46202,BJJJ 100,ENROLLED_IN
WN46202,CSUU 100-3,ENROLLED_IN
ZU27194,BPPP 100,ENROLLED_IN
ZU27194,BAAA 200,ENROLLED_IN
BC94160,CSAA 100,ENROLLED_IN
BC94160,CSDD 200,ENROLLED_IN
GC43375,BUUU 100,ENROLLED_IN
GC43375,CSPP 200-1,ENROLLED_IN
GC43375,CSKK 300,ENROLLED_IN
GC43375,CSMM 100-8,ENROLLED_IN
JI07564,BJJJ 100,ENROLLED_IN
XV00619,BVVV 200,ENROLLED_IN
XV00619,CSLL 100-1,ENROLLED_IN
XV00619,CSMM 100,ENROLLED_IN
BK23458,BJJJ 100,ENROLLED_IN
BK23458,CSTT 300-2,ENROLLED_IN
BK23458,BPPP 100,ENROLLED_IN
GT86368,BIII 100,ENROLLED_IN
GT86368,CSYY 200-9,ENROLLED_IN
GT86368,CSHH 100,ENROLLED_IN
DR44526,CSJJ 100,ENROLLED_IN
ZC91293,CSYY 200-9,ENROLLED_IN
ZC91293,BLLL 100,ENROLLED_IN
EM51803,CSMM 100,ENROLLED_IN
FE42256,CSUU 100-3,ENROLLED_IN
FE42256,BLLL 100,ENROLLED_IN
FE42256,BVVV 200,ENROLLED_IN
FE42256,CSSS 300,ENROLLED_IN
FE42256,CSLL 100,ENROLLED_IN
AV83699,BIII 100,ENROLLED_IN
KS97166,CSQQ 200,ENROLLED_IN
KS97166,CSII 200-7,ENROLLED_IN
SP34892,CSRR 100,ENROLLED_IN
SP34892,BVVV 200,ENROLLED_IN
SP34892,CSSS 300,ENROLLED_IN
SD52947,CSUU 100,ENROLLED_IN
SD52947,CSPP 200-1,ENROLLED_IN
SD52947,CSMM 100-8,ENROLLED_IN
SD52947,CSKK 100,ENROLLED_IN
FV91333,BAAA 200,ENROLLED_IN
GM14384,CSFF 200,ENROLLED_IN
GM14384,BKKK 200,ENROLLED_IN
FE39432,BVVV 200,ENROLLED_IN
FE39432,CSMM 100-1,ENROLLED_IN
FE39432,CSDD 200,ENROLLED_IN
PL51617,BVVV 200,ENROLLED_IN
PL51617,CSUU 100,ENROLLED_IN
NO98764,CSMM 100-8,ENROLLED_IN
MH94099,CSTT 300-2,ENROLLED_IN
MH94099,BJJJ 100,ENROLLED_IN
KO20683,CSFF 200,ENROLLED_IN
KO20683,CSMM 100,ENROLLED_IN
HR66637,CSPP 200,ENROLLED_IN
HR66637,CSSS 300,ENROLLED_IN
NT74282,BUUU 100,ENROLLED_IN
NT74282,CSUU 100-3,ENROLLED_IN
NT74282,CSMM 100-1,ENROLLED_IN
NT74282,CSLL 100-1,ENROLLED_IN
NT74282,CSMM 100-8,ENROLLED_IN
YH04449,CSFF 200,ENROLLED_IN
YH04449,CSRR 100,ENROLLED_IN
YE23635,CSMM 100-1,ENROLLED_IN
OR26871,CSMM 100-8,ENROLLED_IN
OR26871,BJJJ 200,ENROLLED_IN
BG97925,CSMM 100-1,ENROLLED_IN
BG97925,CSUU 100,ENROLLED_IN
BG97925,BIII 100,ENROLLED_IN
EK83724,BIII 100,ENROLLED_IN
EK83724,BAAA 100,ENROLLED_IN
EK83724,CSMM 100-8,ENROLLED_IN
WB68904,CSPP 100,ENROLLED_IN
GH13313,CSFF 200,ENROLLED_IN
GH13313,CSOO 200,ENROLLED_IN
WK96612,CSRR 100,ENROLLED_IN
WK96612,BIII 100,ENROLLED_IN
TZ50801,CSMM 100-1,ENROLLED_IN
TZ50801,CSTT 300-2,ENROLLED_IN
CN86103,CSLL 100-1,ENROLLED_IN
RY95991,BPPP 100,ENROLLED_IN
MZ31048,CSLL 100-1,ENROLLED_IN
NF96314,BPPP 100,ENROLLED_IN
DA81407,BXXX 100,ENROLLED_IN
DA81407,BUUU 100,ENROLLED_IN
TW82959,CSRR 100,ENROLLED_IN
TW82959,CSFF 200,ENROLLED_IN
ZX96670,BLLL 100,ENROLLED_IN
ZX96670,BJJJ 200,ENROLLED_IN
SO87313,CSYY 400-7,ENROLLED_IN
SO87313,CSOO 300,ENROLLED_IN
SO87313,BKKK 100,ENROLLED_IN
VW90010,CSSS 300,ENROLLED_IN
VW90010,CSFF 300,ENROLLED_IN
VW90010,BJJJ 200-2,ENROLLED_IN
IP07023,BZZZ 300,ENROLLED_IN
IP07023,BBBB 200,ENROLLED_IN
IP07023,BVVV 200,ENROLLED_IN
KB39666,CSAA 100,ENROLLED_IN
TL94513,BAAA 100,ENROLLED_IN
TL94513,CSLL 100,ENROLLED_IN
TL94513,BIII 100,ENROLLED_IN
BP07404,CSYY 200-9,ENROLLED_IN
UR16903,CSUU 100,ENROLLED_IN
FI95861,CSCC 300,ENROLLED_IN
FS62802,CSDD 200,ENROLLED_IN
UW27723,CSKK 100,ENROLLED_IN
UW27723,BTTT 200,ENROLLED_IN
KW55218,CSJJ 100,ENROLLED_IN
GD23658,BAAA 200,ENROLLED_IN
GD23658,BAAA 100,ENROLLED_IN
OX66736,CSOO 200,ENROLLED_IN
HH82976,CSRR 300,ENROLLED_IN
HH82976,BWWW 200,ENROLLED_IN
EM20654,CSSS 300,ENROLLED_IN
CD89939,CSKK 100,ENROLLED_IN
EA91795,CSDD 100,ENROLLED_IN
EA91795,CSHH 100,ENROLLED_IN
YY03781,BVVV 200,ENROLLED_IN
UG02565,BPPP 100,ENROLLED_IN
UG02565,CSDD 100,ENROLLED_IN
MX25307,CSDD 100,ENROLLED_IN
MX25307,CSII 200-7,ENROLLED_IN
MX25307,BUUU 100,ENROLLED_IN
PG73172,CSYY 200-9,ENROLLED_IN
BU57123,CSHH 100,ENROLLED_IN
KI35024,CSHH 100,ENROLLED_IN
PU44401,CSSS 300,ENROLLED_IN
PU44401,BUUU 100,ENROLLED_IN
BM11724,CSYY 200-9,ENROLLED_IN
LZ55229,CSLL 100-1,ENROLLED_IN
LZ55229,CSHH 100,ENROLLED_IN
LZ55229,CSJJ 100,ENROLLED_IN
LR91723,CSUU 100-3,ENROLLED_IN
BO35367,CSPP 200-1,ENROLLED_IN
BO35367,CSJJ 100,ENROLLED_IN
DP60776,BAAA 200-8,ENROLLED_IN
DP60776,CSRR 100,ENROLLED_IN
RD91980,BJJJ 100,ENROLLED_IN
SF40189,CSLL 100-1,ENROLLED_IN
YN12880,BZZZ 200,ENROLLED_IN
EE12167,CSPP 100,ENROLLED_IN
KY56272,CSEE 200,ENROLLED_IN
KY56272,CSLL 100,ENROLLED_IN
KY56272,CSPP 100,ENROLLED_IN
KY56272,CSMM 100,ENROLLED_IN
CB02789,CSPP 200,ENROLLED_IN
EV88701,CSMM 100,ENROLLED_IN
TW08887,CSDD 100,ENROLLED_IN
TW08887,CSDD 200,ENROLLED_IN
TW08887,CSHH 100,ENROLLED_IN
TX44583,CSOO 300,ENROLLED_IN
AF55194,CSMM 100-8,ENROLLED_IN
TY57974,CSAA 100,ENROLLED_IN
QQ85659,CSHH 100,ENROLLED_IN
QQ85659,CSPP 100,ENROLLED_IN
QQ85659,BUUU 100,ENROLLED_IN
RF96313,BIII 100,ENROLLED_IN
BL36081,CSLL 100-1,ENROLLED_IN
BL36081,CSMM 100-8,ENROLLED_IN
BL36081,CSHH 100,ENROLLED_IN
BL36081,BXXX 100,ENROLLED_IN
BL36081,CSUU 100-3,ENROLLED_IN
TW82087,CSFF 200,ENROLLED_IN
TW82087,CSHH 100,ENROLLED_IN
TW82087,BAAA 200,ENROLLED_IN
JL77391,BAAA 100,ENROLLED_IN
JL77391,CSPP 100,ENROLLED_IN
ZU54217,BXXX 300,ENROLLED_IN
ZU54217,CSSS 300,ENROLLED_IN
ZU54217,CSMM 100-8,ENROLLED_IN
SE17537,CSTT 300-2,ENROLLED_IN
CF71742,CSPP 200-1,ENROLLED_IN
CF71742,CSLL 100,ENROLLED_IN
SW17160,BAAA 200-8,ENROLLED_IN
SW17160,CSYY 200-9,ENROLLED_IN
LN04100,CSSS 300,ENROLLED_IN
ZV85696,CSLL 300,ENROLLED_IN
ZV85696,CSFF 300,ENROLLED_IN
ZV85696,BPPP 100,ENROLLED_IN
HC47409,CSMM 300,ENROLLED_IN
HC47409,CSAA 100,ENROLLED_IN
DT16402,BMMM 200,ENROLLED_IN
DT16402,BBBB 200,ENROLLED_IN
GZ35594,BMMM 200,ENROLLED_IN
GZ35594,CSYY 400-7,ENROLLED_IN
GZ35594,BCCC 200-8,ENROLLED_IN
JR38933,CSLL 100-1,ENROLLED_IN
JR38933,CSMM 100,ENROLLED_IN
YJ75527,CSUU 100,ENROLLED_IN
YJ75527,CSSS 300,ENROLLED_IN
YJ75527,CSHH 300,ENROLLED_IN
YJ75527,BOOO 200,ENROLLED_IN
LF81268,CSQQ 200,ENROLLED_IN
LF81268,CSMM 100,ENROLLED_IN
CO95040,CSJJ 100,ENROLLED_IN
CO95040,BPPP 100,ENROLLED_IN
CO95040,CSII 200-7,ENROLLED_IN
VY05146,CSOO 200,ENROLLED_IN
VY05146,CSRR 100,ENROLLED_IN
GL32042,BVVV 200,ENROLLED_IN
YL62376,BLLL 300,ENROLLED_IN
YL62376,BIII 100,ENROLLED_IN
VH85552,CSOO 200,ENROLLED_IN
QJ52239,BXXX 100,ENROLLED_IN
QJ52239,CSUU 100-3,ENROLLED_IN
ZA45040,BAAA 200,ENROLLED_IN
ZA45040,CSUU 100,ENROLLED_IN
VA23977,BUUU 100,ENROLLED_IN
ZD54169,BIII 100,ENROLLED_IN
ZD54169,BTTT 200,ENROLLED_IN
ET80313,BKKK 200,ENROLLED_IN
GA74057,CSJJ 100,ENROLLED_IN
CG58967,BVVV 200,ENROLLED_IN
LI22196,CSQQ 200,ENROLLED_IN
LI22196,CSKK 100,ENROLLED_IN
KR95313,BKKK 200,ENROLLED_IN
KR95313,CSMM 100-1,ENROLLED_IN
XJ34807,CSUU 100-3,ENROLLED_IN
EV77417,CSKK 100,ENROLLED_IN
EV77417,CSMM 100,ENROLLED_IN
VE66911,BLLL 100,ENROLLED_IN
VE66911,BJJJ 100,ENROLLED_IN
WZ04429,CSTT 300-2,ENROLLED_IN
BQ91971,BLLL 300,ENROLLED_IN
EL45636,CSEE 200,ENROLLED_IN
EL45636,CSAA 100,ENROLLED_IN
RH29151,CSPP 200-1,ENROLLED_IN
HF91206,BAAA 200,ENROLLED_IN
HF91206,BJJJ 100,ENROLLED_IN
HF91206,BUUU 100,ENROLLED_IN
QW03775,BVVV 300,ENROLLED_IN
QW03775,CSRR 300,ENROLLED_IN
QW03775,CSJJ 200,ENROLLED_IN
QW03775,CSYY 400-7,ENROLLED_IN
KN60485,CSMM 100-1,ENROLLED_IN
MR12907,BKKK 200,ENROLLED_IN
MR12907,BAAA 100,ENROLLED_IN
MR12907,CSSS 300,ENROLLED_IN
MR12907,CSAA 100,ENROLLED_IN
MR12907,BBBB 200,ENROLLED_IN
GE65043,BJJJ 100,ENROLLED_IN
GE65043,CSRR 100,ENROLLED_IN
GE65043,CSHH 100,ENROLLED_IN
LE09487,CSPP 200,ENROLLED_IN
LE09487,CSDD 100,ENROLLED_IN
LE09487,CSKK 100,ENROLLED_IN
EV00805,CSJJ 100,ENROLLED_IN
ZL84431,CSOO 300,ENROLLED_IN
ZL84431,CSUU 100,ENROLLED_IN
BT26162,CSNN 100,ENROLLED_IN
BT26162,BAAA 200,ENROLLED_IN
BT26162,CSSS 300,ENROLLED_IN
BT26162,CSFF 200,ENROLLED_IN
LD74009,CSQQ 200,ENROLLED_IN
QN20301,CSRR 300,ENROLLED_IN
ZP93140,BUUU 100,ENROLLED_IN
TA54788,CSEE 200,ENROLLED_IN
OR28097,CSQQ 200,ENROLLED_IN
OR28097,CSAA 100,ENROLLED_IN
OR28097,CSSS 300,ENROLLED_IN
SW68863,CSAA 100,ENROLLED_IN
SW68863,CSII 200-7,ENROLLED_IN
VX19580,CSRR 100,ENROLLED_IN
NJ89621,CSUU 100-3,ENROLLED_IN
NJ89621,CSLL 100-1,ENROLLED_IN
YO53950,CSPP 200-1,ENROLLED_IN
MR64530,CSOO 200,ENROLLED_IN
MR64530,CSFF 300,ENROLLED_IN
WQ50093,CSKK 100,ENROLLED_IN
WQ50093,CSMM 100-8,ENROLLED_IN
WQ50093,CSYY 400-7,ENROLLED_IN
AK59507,CSUU 100-3,ENROLLED_IN
AK59507,BBBB 200,ENROLLED_IN
KB82456,CSYY 400-7,ENROLLED_IN
KB82456,CSLL 100-1,ENROLLED_IN
VX54089,BVVV 200,ENROLLED_IN
VX54089,CSMM 100-1,ENROLLED_IN
VX54089,CSEE 200,ENROLLED_IN
DC24594,CSYY 200-9,ENROLLED_IN
DC24594,CSUU 100,ENROLLED_IN
LX62158,CSYY 200-9,ENROLLED_IN
LX62158,CSMM 300,ENROLLED_IN
PS43438,BJJJ 200,ENROLLED_IN
PS43438,CSII 200-7,ENROLLED_IN
BX57389,BPPP 300,ENROLLED_IN
PE01980,BAAA 200,ENROLLED_IN
PE01980,BTTT 200,ENROLLED_IN
PE01980,BIII 100,ENROLLED_IN
TA38431,CSOO 200,ENROLLED_IN
TA38431,BWWW 200,ENROLLED_IN
CV68220,BXXX 100,ENROLLED_IN
II45693,CSUU 100,ENROLLED_IN
RL39150,CSUU 100,ENROLLED_IN
RL39150,BLLL 100,ENROLLED_IN
RL39150,BTTT 200,ENROLLED_IN
CU57618,CSMM 100-8,ENROLLED_IN
IS35557,CSCC 300,ENROLLED_IN
IS35557,CSAA 100,ENROLLED_IN
IS35557,CSMM 100,ENROLLED_IN
IS35557,CSMM 300,ENROLLED_IN
RI45127,BAAA 100,ENROLLED_IN
RI45127,BJJJ 100,ENROLLED_IN
EI07787,BAAA 100,ENROLLED_IN
EI07787,CSYY 200-9,ENROLLED_IN
HZ03864,CSLL 100,ENROLLED_IN
XL58886,CSMM 100-1,ENROLLED_IN
CN62555,CSMM 100-8,ENROLLED_IN
CN62555,BAAA 100,ENROLLED_IN
MQ58113,BPPP 100,ENROLLED_IN
TW18090,CSMM 100,ENROLLED_IN
TW18090,CSDD 200,ENROLLED_IN
TW18090,CSFF 200,ENROLLED_IN
TW18090,BTTT 200,ENROLLED_IN
MF14630,BUUU 100,ENROLLED_IN
MF14630,CSUU 100,ENROLLED_IN
WC54484,BZZZ 200,ENROLLED_IN
CS09893,CSOO 200,ENROLLED_IN
CS09893,CSDD 200,ENROLLED_IN
ZP43803,CSDD 100,ENROLLED_IN
ZP43803,CSHH 100,ENROLLED_IN
ZP43803,BPPP 100,ENROLLED_IN
TD97375,CSPP 100,ENROLLED_IN
TD97375,CSMM 100-8,ENROLLED_IN
HD74783,CSLL 100,ENROLLED_IN
HD74783,BIII 100,ENROLLED_IN
QJ86854,CSMM 100-8,ENROLLED_IN
QJ86854,CSYY 200-9,ENROLLED_IN
HR05288,BAAA 100,ENROLLED_IN
HR05288,BIII 300,ENROLLED_IN
DY40326,CSDD 100,ENROLLED_IN
SG59748,BLLL 100,ENROLLED_IN
HU95411,CSEE 200,ENROLLED_IN
HU95411,CSMM 100-8,ENROLLED_IN
AS97879,CSFF 300,ENROLLED_IN
AS97879,CSLL 100-1,ENROLLED_IN
AS97879,BAAA 200,ENROLLED_IN
AS97879,BVVV 200,ENROLLED_IN
DC63922,CSUU 100,ENROLLED_IN
DC63922,BKKK 200,ENROLLED_IN
DC63922,BJJJ 200-2,ENROLLED_IN
DC63922,BBBB 200,ENROLLED_IN
NQ56356,CSHH 100,ENROLLED_IN
BD38075,CSLL 300,ENROLLED_IN
BD38075,CSNN 300,ENROLLED_IN
TF30880,CSMM 300,ENROLLED_IN
YJ84156,CSMM 100,ENROLLED_IN
XK30804,BJJJ 100,ENROLLED_IN
XK30804,CSAA 100,ENROLLED_IN
XK30804,BPPP 100,ENROLLED_IN
UO37011,CSYY 200-9,ENROLLED_IN
ID17309,BXXX 100,ENROLLED_IN
ID17309,CSFF 300,ENROLLED_IN
ID17309,BVVV 200,ENROLLED_IN
ID17309,CSKK 100,ENROLLED_IN
ZA99268,CSEE 200,ENROLLED_IN
OW99646,BAAA 200,ENROLLED_IN
KN20313,BPPP 300,ENROLLED_IN
KN20313,CSRR 300,ENROLLED_IN
KN20313,CSFF 300,ENROLLED_IN
KN20313,BAAA 100,ENROLLED_IN
KS70835,BUUU 100,ENROLLED_IN
KS70835,BXXX 100,ENROLLED_IN
YY08561,CSOO 200,ENROLLED_IN
LH23040,CSPP 200-1,ENROLLED_IN
NP28959,BRRR 300,ENROLLED_IN
NP28959,CSRR 300,ENROLLED_IN
NP28959,CSRR 100,ENROLLED_IN
JL24636,CSKK 300,ENROLLED_IN
JL24636,BLLL 100,ENROLLED_IN
IL65851,BUUU 100,ENROLLED_IN
IL65851,CSMM 100,ENROLLED_IN
IL65851,BMMM 200,ENROLLED_IN
JD94875,CSPP 200-1,ENROLLED_IN
JD94875,CSJJ 100,ENROLLED_IN
SJ61633,CSLL 100,ENROLLED_IN
SJ61633,BPPP 100,ENROLLED_IN
UD25026,CSMM 100-8,ENROLLED_IN
CF88436,BKKK 200,ENROLLED_IN
CF88436,CSMM 100-8,ENROLLED_IN
CF88436,CSKK 100,ENROLLED_IN
DQ11464,BTTT 200,ENROLLED_IN
DQ11464,CSMM 100-8,ENROLLED_IN
DW83803,CSUU 100,ENROLLED_IN
DW83803,BXXX 100,ENROLLED_IN
DW83803,CSYY 200-9,ENROLLED_IN
QE48545,CSSS 300,ENROLLED_IN
GT46396,BAAA 200,ENROLLED_IN
GT46396,CSYY 200,ENROLLED_IN
WL01261,CSOO 300,ENROLLED_IN
WL01261,BUUU 100,ENROLLED_IN
WL01261,BWWW 200,ENROLLED_IN
WL01261,CSDD 100,ENROLLED_IN
PL83917,CSEE 200,ENROLLED_IN
PL83917,CSNN 100,ENROLLED_IN
PL83917,CSKK 300,ENROLLED_IN
PL83917,BUUU 100,ENROLLED_IN
IW60774,BUUU 100,ENROLLED_IN
BW94809,CSHH 100,ENROLLED_IN
BW94809,CSAA 100,ENROLLED_IN
RE79685,CSJJ 100,ENROLLED_IN
RE79685,BIII 100,ENROLLED_IN
CM23756,BAAA 200,ENROLLED_IN
EV16490,BLLL 100,ENROLLED_IN
EV16490,CSHH 100,ENROLLED_IN
YU33749,CSMM 100-1,ENROLLED_IN
YU33749,CSLL 100-1,ENROLLED_IN
YU33749,CSYY 200-9,ENROLLED_IN
YU33749,CSRR 100,ENROLLED_IN
GL24722,BKKK 200,ENROLLED_IN
GL24722,CSPP 200-1,ENROLLED_IN
CJ25991,BUUU 100,ENROLLED_IN
SI85805,CSMM 100-8,ENROLLED_IN
SI85805,CSRR 100,ENROLLED_IN
XM37317,CSKK 100,ENROLLED_IN
LD59878,BTTT 200,ENROLLED_IN
LD59878,BUUU 100,ENROLLED_IN
LD59878,CSHH 100,ENROLLED_IN
MG62712,BTTT 200,ENROLLED_IN
VZ38574,CSLL 100-1,ENROLLED_IN
VZ38574,CSUU 100-3,ENROLLED_IN
VZ38574,BLLL 100,ENROLLED_IN
FZ44427,CSMM 100,ENROLLED_IN
RD15134,CSMM 100,ENROLLED_IN
RD15134,CSHH 100,ENROLLED_IN
AM43618,CSKK 100,ENROLLED_IN
AM43618,CSMM 100,ENROLLED_IN
AM43618,CSOO 200,ENROLLED_IN
AM43618,CSFF 200,ENROLLED_IN
GJ99102,CSMM 100-1,ENROLLED_IN
GJ99102,CSDD 200,ENROLLED_IN
GJ99102,BTTT 200,ENROLLED_IN
HY30880,BKKK 100,ENROLLED_IN
HY30880,BWWW 200,ENROLLED_IN
HY30880,CSMM 100-8,ENROLLED_IN
HY30880,CSTT 300-2,ENROLLED_IN
KT10384,CSNN 100,ENROLLED_IN
KT10384,BUUU 100,ENROLLED_IN
KT10384,BJJJ 100,ENROLLED_IN
KT10384,BIII 100,ENROLLED_IN
KT10384,CSUU 100-3,ENROLLED_IN
CX23732,CSTT 300-2,ENROLLED_IN
CX23732,BPPP 100,ENROLLED_IN
CX23732,CSLL 100-1,ENROLLED_IN
GK85007,CSSS 300,ENROLLED_IN
GK85007,CSUU 100,ENROLLED_IN
GK85007,BXXX 100,ENROLLED_IN
GK85007,CSYY 200,ENROLLED_IN
CU90031,CSOO 200,ENROLLED_IN
CU90031,CSMM 100-8,ENROLLED_IN
MZ75908,BIII 100,ENROLLED_IN
MZ75908,CSPP 200-1,ENROLLED_IN
MZ75908,BLLL 100,ENROLLED_IN
RK58527,CSUU 100,ENROLLED_IN
RK58527,CSKK 100,ENROLLED_IN
FM64641,CSFF 200,ENROLLED_IN
FM64641,CSYY 200-9,ENROLLED_IN
LF03068,CSPP 100,ENROLLED_IN
LF03068,BAAA 100,ENROLLED_IN
LF03068,CSRR 100,ENROLLED_IN
PQ17212,CSLL 300,ENROLLED_IN
PQ17212,BMMM 200,ENROLLED_IN
PQ17212,BXXX 100,ENROLLED_IN
PL75164,BBBB 200,ENROLLED_IN
PL75164,BVVV 200,ENROLLED_IN
PL75164,CSUU 100-3,ENROLLED_IN
PL75164,CSOO 200,ENROLLED_IN
VY68836,CSUU 100,ENROLLED_IN
GR69335,BWWW 200,ENROLLED_IN
GR69335,CSPP 200-1,ENROLLED_IN
GR69335,BUUU 100,ENROLLED_IN
EP02075,CSHH 100,ENROLLED_IN
EP02075,CSMM 100,ENROLLED_IN
EP02075,BBBB 200,ENROLLED_IN
EP02075,BAAA 100,ENROLLED_IN
FQ35147,BBBB 200,ENROLLED_IN
FQ35147,CSPP 200-1,ENROLLED_IN
FQ35147,CSAA 100,ENROLLED_IN
ML58852,CSMM 300,ENROLLED_IN
VJ14025,BAAA 100,ENROLLED_IN
VJ14025,CSAA 100,ENROLLED_IN
VJ14025,BUUU 100,ENROLLED_IN
OB62136,CSJJ 100,ENROLLED_IN
OB62136,BKKK 200,ENROLLED_IN
OB62136,BWWW 200,ENROLLED_IN
OB62136,CSRR 100,ENROLLED_IN
FF69785,CSFF 200,ENROLLED_IN
FF69785,CSPP 100,ENROLLED_IN
KH51190,BVVV 200,ENROLLED_IN
KH51190,CSLL 100,ENROLLED_IN
KH51190,CSOO 200,ENROLLED_IN
SS20085,CSFF 200,ENROLLED_IN
SS20085,CSOO 200,ENROLLED_IN
OH91049,CSMM 100-8,ENROLLED_IN
OH91049,CSOO 200,ENROLLED_IN
OH91049,BKKK 100,ENROLLED_IN
VI61496,BPPP 100,ENROLLED_IN
VN41430,CSUU 100,ENROLLED_IN
QF12747,BAAA 100,ENROLLED_IN
UC06415,CSQQ 200,ENROLLED_IN
FQ17037,BAAA 100,ENROLLED_IN
FQ17037,BTTT 200,ENROLLED_IN
NF20081,CSMM 100,ENROLLED_IN
NF20081,BAAA 200,ENROLLED_IN
JV78966,CSEE 200,ENROLLED_IN
JV78966,BKKK 200,ENROLLED_IN
JV70677,CSHH 100,ENROLLED_IN
JV70677,BUUU 100,ENROLLED_IN
JV70677,BVVV 300-8,ENROLLED_IN
TG40145,CSMM 100,ENROLLED_IN
TG40145,CSFF 200,ENROLLED_IN
NO45981,BJJJ 200,ENROLLED_IN
NO45981,CSPP 200-1,ENROLLED_IN
NO45981,BKKK 200,ENROLLED_IN
NO45981,CSUU 100,ENROLLED_IN
FJ18320,CSYY 200,ENROLLED_IN
FJ18320,CSPP 200-1,ENROLLED_IN
FJ18320,CSPP 200,ENROLLED_IN
FJ18320,CSCC 300,ENROLLED_IN
GM11287,CSUU 100,ENROLLED_IN
GM11287,CSMM 300,ENROLLED_IN
GM11287,CSDD 100,ENROLLED_IN
NL37689,BPPP 300,ENROLLED_IN
BN87001,BPPP 100,ENROLLED_IN
BN87001,CSRR 100,ENROLLED_IN
BN87001,CSPP 100,ENROLLED_IN
BN87001,CSJJ 100,ENROLLED_IN
NX66670,CSYY 200-9,ENROLLED_IN
NX66670,BLLL 100,ENROLLED_IN
NX66670,BZZZ 200,ENROLLED_IN
PD89158,BLLL 100,ENROLLED_IN
PD89158,BTTT 200,ENROLLED_IN
TG18901,CSYY 200-9,ENROLLED_IN
TG18901,CSHH 100,ENROLLED_IN
HP83501,CSEE 200,ENROLLED_IN
HP83501,BUUU 100,ENROLLED_IN
HP83501,CSNN 100,ENROLLED_IN
IQ99646,CSAA 100,ENROLLED_IN
IQ99646,BTTT 200,ENROLLED_IN
SL11527,CSPP 200-1,ENROLLED_IN
SL11527,CSLL 100,ENROLLED_IN
IA79567,CSUU 100,ENROLLED_IN
IA79567,BVVV 200,ENROLLED_IN
XD53714,BAAA 100,ENROLLED_IN
XD53714,CSSS 300,ENROLLED_IN
ZS88187,CSUU 100-3,ENROLLED_IN
KG43100,BAAA 100,ENROLLED_IN
CE38234,CSDD 200,ENROLLED_IN
CE38234,CSEE 200,ENROLLED_IN
XI49577,CSJJ 200,ENROLLED_IN
XI49577,CSKK 100,ENROLLED_IN
QZ87478,CSMM 100-1,ENROLLED_IN
AV62531,CSMM 300,ENROLLED_IN
AV62531,CSCC 300,ENROLLED_IN
AV62531,CSRR 300,ENROLLED_IN
TU13315,BAAA 100,ENROLLED_IN
TU13315,CSPP 200-1,ENROLLED_IN
TU13315,BXXX 100,ENROLLED_IN
TU13315,CSMM 100-1,ENROLLED_IN
PZ09570,BAAA 200,ENROLLED_IN
IG60865,CSAA 100,ENROLLED_IN
IG60865,CSRR 100,ENROLLED_IN
NJ58683,CSAA 100,ENROLLED_IN
NJ58683,CSPP 200-1,ENROLLED_IN
NJ58683,CSLL 100,ENROLLED_IN
NJ58683,BIII 100,ENROLLED_IN
KC48970,CSMM 300,ENROLLED_IN
KC48970,BXXX 100,ENROLLED_IN
KC48970,CSNN 100,ENROLLED_IN
QN96582,CSRR 100,ENROLLED_IN
QN96582,CSMM 100,ENROLLED_IN
AO53810,CSQQ 200,ENROLLED_IN
AO53810,CSAA 100,ENROLLED_IN
AO53810,BJJJ 200-2,ENROLLED_IN
AO53810,BOOO 200,ENROLLED_IN
MS86834,CSDD 100,ENROLLED_IN
JI90317,BTTT 200,ENROLLED_IN
ML61469,CSSS 300,ENROLLED_IN
ML61469,CSUU 100,ENROLLED_IN
ML61469,CSFF 300,ENROLLED_IN
ML61469,CSMM 100-8,ENROLLED_IN
CQ35489,CSKK 300,ENROLLED_IN
CQ35489,CSHH 100,ENROLLED_IN
CQ35489,BVVV 200,ENROLLED_IN
NV64183,BUUU 100,ENROLLED_IN
NV64183,BTTT 200,ENROLLED_IN
NV64183,CSKK 100,ENROLLED_IN
NV64183,BIII 100,ENROLLED_IN
PU94479,CSAA 100,ENROLLED_IN
PU94479,BXXX 100,ENROLLED_IN
PU94479,CSDD 100,ENROLLED_IN
PU94479,CSPP 100,ENROLLED_IN
AA55760,BAAA 200,ENROLLED_IN
AA55760,CSHH 100,ENROLLED_IN
ND27152,BVVV 200,ENROLLED_IN
YH07928,CSYY 200,ENROLLED_IN
YH07928,CSMM 100-8,ENROLLED_IN
YH07928,CSMM 100-1,ENROLLED_IN
YH07928,CSPP 100,ENROLLED_IN
AR91704,CSHH 100,ENROLLED_IN
AR91704,CSPP 200-1,ENROLLED_IN
AR91704,CSUU 100,ENROLLED_IN
QO14297,CSRR 100,ENROLLED_IN
